图书名,国家,作者,出版社,出品方,副标题,原作名,译者,出版年,图书页数,平装定价,精装定价,丛书,ISBN,评分,评论人数,5星百分比,4星百分比,3星百分比,2星百分比,1星百分比,短评数,综评数,在读读者数,已读读者数,想读读者数,读书笔记数
红楼梦,中国,曹雪芹 著 / 高鹗,人民文学出版社,无,无,无,无,1996,1606,59.7,0.0,中国古典文学读本丛书,9787020002207,9.6,424131,0.8420000000000001,0.135,0.02,0.002,0.002,88230,4523,45714,676632,191368,4430
活着,中国,余华,作家出版社,无,无,无,无,2012,191,20.0,0.0,余华作品（2012版）,9787506365437,9.4,833712,0.7759999999999999,0.201,0.021,0.002,0.001,195320,12140,31277,1314497,362058,2464
1984,英国,乔治·奥威尔,北京十月文艺出版社,新经典文化,无,Nineteen Eighty-Four,刘绍铭,2010,304,0.0,28.0,新经典文库：桂冠文丛,9787530210291,9.4,284497,0.743,0.221,0.032,0.002,0.001,2377,756,0,0,0,0
哈利·波特,英国,J.K.罗琳 (J.K.Rowling),人民文学出版社,无,无,Harry Potter,苏农 / 马爱农 / 马爱新,2008,3104,0.0,498.0,无,9787020096695,9.7,107250,0.8490000000000001,0.132,0.017,0.001,0.001,17542,221,2859,151534,40000,54
三体全集,中国,刘慈欣,重庆出版社,科幻世界,地球往事三部曲,无,无,2012,1285,0.0,168.0,科幻世界·中国科幻基石丛书,9787229042066,9.5,187644,0.818,0.153,0.023,0.003,0.002,29942,4499,48118,330781,204626,338
百年孤独,哥伦比亚,加西亚·马尔克斯,南海出版公司,新经典文化,无,Cien años de soledad,范晔,2011,360,0.0,39.5,新经典文库：加西亚·马尔克斯作品,9787544253994,9.3,425681,0.698,0.242,0.052,0.005,0.002,117694,6754,62723,638568,455583,7870
飘,美国,玛格丽特·米切尔,译林出版社,无,无,Gone with the Wind,李美华,2000,1235,0.0,40.0,无,9787806570920,9.3,212517,0.7090000000000001,0.246,0.04,0.003,0.002,42160,3061,10953,468542,231719,825
动物农场,英国,乔治·奥威尔,上海译文出版社,无,无,Animal Farm,荣如德,2007,119,10.0,0.0,译文名著文库,9787532741854,9.3,160020,0.713,0.247,0.037,0.002,0.001,28274,591,5369,262788,168784,0
房思琪的初恋乐园,中国,林奕含,北京联合出版公司,磨铁图书,无,无,无,2018,272,45.0,0.0,无,9787559614636,9.2,379615,0.6890000000000001,0.261,0.043,0.004,0.003,120387,7078,22866,494188,279384,5787
三国演义（全二册）,中国,罗贯中,人民文学出版社,无,无,无,无,1998,990,39.5,0.0,中国古典文学读本丛书,9787020008728,9.3,168533,0.745,0.213,0.039,0.002,0.001,22097,1173,8861,347534,67012,854
福尔摩斯探案全集（上中下）,英国,阿瑟·柯南·道尔,群众出版社,无,无,无,丁钟华 等,1981,1820,53.0,68.0,无,9787501408580,9.3,133625,0.736,0.226,0.036,0.001,0.001,18929,575,7348,199743,73524,134
白夜行,日本,东野圭吾,南海出版公司,新经典文化,无,白夜行,刘姿君,2013,538,0.0,39.5,新经典文库·东野圭吾作品,9787544258609,9.2,475195,0.684,0.265,0.045,0.004,0.002,115144,9680,12702,608354,136771,1364
小王子,法国,圣埃克苏佩里 / (法国) 安东尼·德·圣-埃克苏佩里,人民文学出版社,无,无,Le Petit Prince,马振骋,2003,97,22.0,0.0,无,9787020042494,9.1,756316,0.657,0.276,0.062,0.004,0.002,149671,7738,20772,1139909,211473,2250
安徒生童话故事集,丹麦,安徒生,人民文学出版社,无,无,无,叶君健,1997,550,0.0,25.0,世界文学名著文库,9787020017713,9.3,132756,0.6890000000000001,0.262,0.046,0.002,0.001,16539,455,1929,246094,33129,52
天龙八部,中国,金庸,生活·读书·新知三联书店,无,无,无,无,1994,1978,96.0,0.0,金庸作品集（三联版）,9787108006721,9.2,132975,0.6829999999999999,0.267,0.047,0.003,0.001,23252,1161,3876,250304,67856,392
呐喊,中国,鲁迅,人民文学出版社,无,无,无,无,1973,160,0.36,0.0,鲁迅作品集,10019-1979,9.2,160467,0.723,0.233,0.042,0.002,0.001,20576,752,4876,348238,103028,714
撒哈拉的故事,中国,三毛,哈尔滨出版社,华文天下,无,无,无,2003,217,15.8,0.0,三毛全集（华文天下2003版）,9787806398791,9.2,174942,0.674,0.28,0.043,0.002,0.001,31634,3005,4630,246268,88768,508
悉达多,德国,赫尔曼·黑塞,天津人民出版社,果麦文化,一首印度的诗,Siddhartha,姜乙,2017,144,0.0,32.0,果麦·外国文学经典,9787201112695,9.3,105139,0.6970000000000001,0.243,0.052,0.006,0.002,40513,2760,5651,123608,95798,2411
邓小平时代,美国,傅高义 (Ezra.F.Vogel),生活·读书·新知三联书店,无,无,Deng Xiaoping and the Transformation of China,冯克利,2013,754,88.0,0.0,中国现代报告文学与传记,9787108041531,9.3,70754,0.752,0.208,0.03,0.004,0.006,21572,695,12099,86540,130282,2064
杀死一只知更鸟,美国,哈珀·李,译林出版社,无,无,To Kill a Mocking Bird,高红梅,2012,346,0.0,32.0,译林纪念版,9787544722766,9.2,146824,0.6809999999999999,0.266,0.048,0.004,0.001,36712,3523,12241,212269,267714,2447
明朝那些事儿（1-9）,中国,当年明月,中国海关出版社,磨铁图书,限量版,无,无,2009,0,0.0,358.2,明朝那些事儿（典藏本）,9787801656087,9.2,174898,0.7,0.255,0.04,0.003,0.002,37509,2089,25000,231810,115476,1683
失踪的孩子,意大利,埃莱娜·费兰特,人民文学出版社,99读书人,那不勒斯四部曲4,Storia della bambina perduta,陈英,2018,480,62.0,0.0,那不勒斯四部曲,9787020139927,9.2,81460,0.677,0.268,0.049,0.004,0.002,26091,1321,3798,111381,157503,2556
新名字的故事,意大利,埃莱娜·费兰特,人民文学出版社,99读书人,那不勒斯四部曲2,Storia del nuovo cognome,陈英,2017,492,59.0,0.0,那不勒斯四部曲,9787020125265,9.2,92058,0.66,0.291,0.044,0.004,0.001,26914,893,4449,126861,132013,2496
野草,中国,鲁迅,人民文学出版社,无,无,无,无,1973,62,0.2,0.0,鲁迅作品集,10019-1981,9.5,47434,0.8109999999999999,0.161,0.025,0.002,0.001,8507,265,1639,80072,48625,404
沉默的大多数,中国,王小波,中国青年出版社,无,王小波杂文随笔全编,无,无,1997,555,27.0,0.0,王小波作品系列,9787500627098,9.1,151486,0.622,0.314,0.0579999999999999,0.004,0.002,23703,1491,20815,211601,241656,2020
中国历代政治得失,中国,钱穆,生活·读书·新知三联书店,无,无,无,无,2001,161,12.0,0.0,钱穆作品系列,9787108015280,9.2,72835,0.695,0.26,0.039,0.003,0.002,18157,1563,11757,94677,202302,1580
局外人,法国,阿尔贝·加缪,上海译文出版社,无,无,L'Etranger,柳鸣九,2010,128,0.0,22.0,译文经典（精装本）,9787532751471,9.1,240310,0.605,0.3279999999999999,0.061,0.004,0.001,61900,9059,9910,333576,208857,1850
白鹿原,中国,陈忠实,人民文学出版社,无,20周年精装典藏版,无,无,2012,697,0.0,39.0,无,9787020090297,9.2,107954,0.696,0.263,0.036,0.003,0.002,21375,3631,7117,167839,89005,599
乡土中国,中国,费孝通,上海人民出版社,无,无,无,无,2006,426,38.0,0.0,名家名著·文化史,9787208062153,9.2,90547,0.669,0.272,0.051,0.005,0.003,21464,1940,11013,126601,136913,1561
卡拉马佐夫兄弟,俄罗斯,费奥多尔·陀思妥耶夫斯基,上海译文出版社,无,无,БРАТЬЯ КАРАМАЗОВЫ,荣如德,2015,985,78.0,0.0,陀思妥耶夫斯基文集,9787532763696,9.6,34178,0.848,0.123,0.024,0.002,0.003,12115,1653,9992,40470,115378,2659
人类简史,以色列,尤瓦尔·赫拉利,中信出版社,见识城邦,从动物到上帝,,林俊宏,2014,440,68.0,0.0,“中信史学大师畅销经典”系列,9787508647357,9.1,199701,0.642,0.292,0.057,0.006,0.003,49792,3162,36365,243227,285649,6425
围城,中国,钱锺书,人民文学出版社,无,无,无,无,1991,359,19.0,0.0,无,9787020024759,9.0,447226,0.588,0.3429999999999999,0.065,0.003,0.001,71561,5767,28764,635415,252430,2147
平凡的世界（全三部）,中国,路遥,人民文学出版社,无,无,无,无,2005,1631,64.0,0.0,茅盾文学奖获奖作品全集,9787020049295,9.0,324410,0.679,0.255,0.055,0.0069999999999999,0.004,57633,7212,20595,482344,216179,1572
彷徨,中国,鲁迅,人民文学出版社,无,无,无,无,1973,162,0.37,0.0,鲁迅作品集,10019-1982,9.3,65608,0.757,0.207,0.034,0.002,0.001,7895,266,1639,133376,40946,284
罗杰疑案,英国,阿加莎·克里斯蒂,新星出版社,无,阿加莎·克里斯蒂作品02,The Murder of Roger Ackroyd,常禾,2013,246,28.0,0.0,午夜文库·大师系列：阿加莎·克里斯蒂作品,9787513311236,9.2,74623,0.708,0.251,0.038,0.002,0.001,29099,581,1416,90148,46414,207
许三观卖血记,中国,余华,作家出版社,无,无,无,无,2012,264,24.0,0.0,余华作品（2012版）,9787506365680,9.2,163838,0.687,0.2789999999999999,0.032,0.002,0.001,42103,3394,2489,282221,58805,837
笑傲江湖（全四册）,中国,金庸,生活·读书·新知三联书店,无,无,无,无,1994,1599,76.8,0.0,金庸作品集（三联版）,9787108006639,9.1,111844,0.648,0.289,0.0579999999999999,0.003,0.001,19234,1244,2094,205349,44151,489
我与地坛,中国,史铁生,春风文艺出版社,无,史铁生代表作,无,无,2002,399,25.0,0.0,春风文艺社·新经典文库,9787531324362,9.2,108835,0.69,0.263,0.043,0.003,0.001,18157,1620,8155,200669,112538,719
献给阿尔吉侬的花束,美国,丹尼尔·凯斯,广西师范大学出版社,理想国,无,Flowers for Algernon,陈澄和,2015,288,36.0,0.0,无,9787549565115,9.1,108952,0.6709999999999999,0.271,0.051,0.006,0.002,41730,2402,5848,131549,149905,1493
东方快车谋杀案,英国,阿加莎·克里斯蒂,人民文学出版社,99读书人,无,Murder on the Orient Express,陈尧光,2006,254,18.0,0.0,阿加莎·克里斯蒂侦探推理系列,9787020056309,9.1,139703,0.631,0.312,0.054,0.003,0.0,24213,841,3271,240815,128930,90
肖申克的救赎,美国,斯蒂芬·金,人民文学出版社,99读书人,无,Different Seasons,施寄青 / 赵永芬 / 齐若兰,2006,466,29.9,0.0,99畅销文库：斯蒂芬·金,9787020054985,9.1,121561,0.68,0.272,0.044,0.002,0.001,20260,845,5024,198396,116600,648
江城,美国,彼得·海斯勒,上海译文出版社,无,无,River Town,李雪顺,2012,446,36.0,0.0,译文纪实,9787532756728,9.1,62955,0.612,0.326,0.055,0.005,0.002,22946,1213,8221,99695,148368,3056
基督山伯爵,法国,大仲马,上海译文出版社,无,无,Le Comte de Monte-Cristo,周克希 / 韩沪麟,1991,1453,0.0,43.9,无,9787532712243,9.1,129484,0.636,0.299,0.062,0.003,0.001,22127,1536,8522,205256,105173,355
霍乱时期的爱情,哥伦比亚,加西亚·马尔克斯,南海出版公司,新经典文化,无,El amor en los tiempos del cólera,杨玲,2012,401,0.0,39.5,新经典文库：加西亚·马尔克斯作品,9787544258975,9.0,285900,0.58,0.327,0.0819999999999999,0.008,0.004,81050,5279,34483,380133,332487,12034
城南旧事,中国,林海音 文 / 关维兴 图,中国青年出版社,无,纪念普及版,无,无,2003,198,16.0,0.0,现当代文学名著系列,9787500652045,9.1,157311,0.627,0.318,0.052,0.002,0.001,26228,1402,3234,319055,84325,264
故事新编,中国,鲁迅,人民文学出版社,无,无,无,无,1973,129,0.31,0.0,鲁迅作品集,10019-1999,9.4,43356,0.792,0.177,0.0279999999999999,0.002,0.001,7236,259,1284,109872,49222,151
艺术的故事,英国,E·H·贡布里希,广西美术出版社,无,无,The Story of Art,范景中 / 杨成凯,2008,688,280.0,0.0,无,9787807463726,9.6,26363,0.792,0.179,0.026,0.002,0.002,6426,375,12080,39928,148930,1837
万历十五年,美国,黄仁宇,生活·读书·新知三联书店,无,无,无,无,1997,320,18.0,0.0,黄仁宇作品系列,9787108009821,9.0,202113,0.569,0.363,0.063,0.003,0.001,42598,3774,28442,281475,206148,2687
朝花夕拾,中国,鲁迅,人民文学出版社,无,无,无,无,1973,92,0.25,0.0,鲁迅作品集,10019-1985,9.1,155084,0.6509999999999999,0.294,0.052,0.002,0.001,16684,525,2916,282876,49702,409
月亮和六便士,英国,毛姆,上海译文出版社,无,无,The Moon and Sixpence,傅惟慈,2006,275,15.0,0.0,译文名著文库,9787532739547,9.0,209669,0.563,0.34,0.084,0.008,0.004,43239,11129,16411,298613,213806,4708
厌女,日本,上野千鹤子,上海三联书店,无,日本的女性嫌恶,女ぎらい,王兰,2015,261,28.0,0.0,无,9787542645715,9.1,81911,0.6779999999999999,0.261,0.047,0.0069999999999999,0.0069999999999999,31036,1824,13823,88585,156594,4769
秋园,中国,杨本芬,北京联合出版公司,乐府文化,无,无,无,2020,280,38.0,0.0,看见女性三重奏,9787559640666,9.0,108148,0.611,0.3339999999999999,0.051,0.003,0.001,48736,1526,3181,120345,90526,831
射雕英雄传,中国,金庸,生活·读书·新知三联书店,无,无,无,无,1999,1263,47.0,0.0,金庸作品集（三联口袋本）,9787108012586,9.1,85753,0.653,0.293,0.051,0.002,0.001,10885,668,1433,155163,26818,155
置身事内,中国,兰小欢,上海人民出版社,世纪文景,中国政府与经济发展,无,无,2021,340,65.0,0.0,世纪文景“大国之治”套装,9787208171336,9.1,79994,0.648,0.302,0.044,0.004,0.002,29906,1144,16516,84009,159529,2984
追风筝的人,美国,卡勒德·胡赛尼,上海人民出版社,世纪文景,无,The Kite Runner,李继宏,2006,362,29.0,0.0,卡勒德·胡赛尼作品,9787208061644,8.9,794987,0.575,0.35,0.068,0.005,0.002,176015,9665,59401,1206372,425095,4939
刀锋,英国,毛姆,上海译文出版社,无,无,The Razor's Edge,周煦良,2007,318,18.0,0.0,译文名著文库,9787532741922,9.0,91959,0.593,0.336,0.065,0.005,0.002,26902,3037,7531,137856,164969,2702
寻路中国,美国,彼得·海斯勒,上海译文出版社,无,从乡村到工厂的自驾之旅,Country,李雪顺,2011,426,33.0,0.0,译文纪实,9787532752805,9.0,56950,0.5770000000000001,0.35,0.066,0.005,0.002,19715,1062,9608,76690,128460,3013
树上的男爵,意大利,伊塔洛·卡尔维诺,译林出版社,无,无,Il barone rampante,吴正仪,2012,280,0.0,30.0,卡尔维诺经典,9787544722803,9.1,60381,0.626,0.308,0.061,0.004,0.001,20583,827,5104,86298,134340,1859
无人生还,英国,阿加莎·克里斯蒂,人民文学出版社,99读书人,无,And Then There Were None,祁阿红,2008,254,19.0,0.0,阿加莎·克里斯蒂侦探推理系列,9787020065394,9.0,150312,0.614,0.317,0.065,0.004,0.001,26046,1277,3072,203444,104646,115
格林童话全集,德国,格林兄弟,人民文学出版社,无,无,Kinder-und Hausmärchen,魏以新,1994,625,0.0,21.45,世界文学名著文库,9787020019526,9.0,95593,0.635,0.299,0.062,0.003,0.001,10353,247,1185,202672,23453,35
中国少年儿童百科全书（全四册）,中国,林崇德 主编,浙江教育出版社,无,无,无,无,1991,2800,168.0,0.0,无,9787533830953,9.4,18679,0.764,0.186,0.043,0.004,0.003,5331,101,356,26739,8916,0
鼠疫,法国,阿尔贝·加缪,上海译文出版社,无,无,La Peste,刘方,2013,280,0.0,34.0,加缪作品,9787532761753,9.1,79334,0.615,0.313,0.064,0.005,0.002,23689,2051,9516,107105,96934,2876
嫌疑人X的献身,日本,东野圭吾,南海出版公司,新经典文化,无,容疑者Xの献身,刘子倩,2008,251,0.0,28.0,新经典文库·东野圭吾作品,9787544241694,8.9,524253,0.5529999999999999,0.368,0.073,0.004,0.001,92323,4379,7563,684830,124552,1039
西游记（全二册）,中国,吴承恩 / 校注 黄肃秋,人民文学出版社,无,无,无,黄肃秋 注释,2004,1198,47.2,0.0,中国古典文学读本丛书,9787020008735,9.1,88958,0.688,0.253,0.054,0.003,0.001,10966,1022,3468,222333,26195,598
黄金时代,中国,王小波,花城出版社,无,时代三部曲,无,无,1999,375,19.0,0.0,王小波《时代三部曲》,9787536025080,8.9,166808,0.568,0.3429999999999999,0.081,0.006,0.002,31466,2042,12111,262770,124366,1113
可能性的艺术,中国,刘瑜,广西师范大学出版社,理想国,比较政治学30讲,无,无,2022,384,0.0,82.0,无,9787559848048,9.2,40860,0.665,0.27,0.049,0.009,0.0069999999999999,8270,265,6327,43239,105921,2307
史记（全十册）,中国,司马迁 / 张守节,中华书局,无,（全十册）,无,（索隐）司马贞，（正义）张守节,1982,3356,125.0,0.0,点校本二十四史,9787101003048,9.5,24956,0.816,0.153,0.027,0.002,0.001,3222,682,7813,42855,62138,532
傲慢与偏见,英国,奥斯丁,人民文学出版社,无,无,Pride and Prejudice,张扬,1993,310,13.0,0.0,名著名译插图本,9787020040179,8.9,233309,0.55,0.36,0.0819999999999999,0.006,0.002,35069,2450,7120,363163,112359,253
始于极限,日本,上野千鹤子 / (日) 铃木凉美,新星出版社,新经典文化,女性主义往复书简,往復書簡 限界から始まる,曹逸冰,2022,304,59.0,0.0,无,9787513349369,9.0,71398,0.613,0.304,0.068,0.008,0.006,28801,1211,10206,76660,144578,3725
悲惨世界（上中下）,法国,雨果,人民文学出版社,无,无,Les Misérables,李丹 / 方于,1992,1760,66.0,0.0,外国古典文学名著选粹,9787020017164,9.1,63893,0.6629999999999999,0.28,0.054,0.002,0.001,7435,1178,3832,132603,82145,205
台北人,中国,白先勇,广西师范大学出版社,理想国,无,无,无,2010,392,0.0,38.0,理想国·白先勇作品,9787563397648,9.0,73762,0.5770000000000001,0.36,0.059,0.003,0.001,24320,915,6087,107326,91586,551
诗经,中国,孔丘,北京出版社,无,无,无,无,2006,363,19.9,0.0,家庭书架·传世经典读库,9787200065039,9.5,28819,0.7909999999999999,0.176,0.0289999999999999,0.002,0.002,4054,363,5246,57852,39008,256
永恒的终结,美国,艾萨克·阿西莫夫,江苏凤凰文艺出版社,读客文化,关于时间旅行的终极奥秘和恢宏构想,The End of Eternity,崔正男,2014,264,32.0,0.0,读客外国小说文库：艾萨克·阿西莫夫作品,9787539957173,9.1,47409,0.647,0.285,0.06,0.006,0.002,18189,614,2755,59965,107637,475
孽子,中国,白先勇,广西师范大学出版社,理想国,无,无,无,2010,552,0.0,46.0,理想国·白先勇作品,9787563397655,9.2,47647,0.669,0.281,0.046,0.003,0.001,16144,958,3441,60842,77707,486
刘擎西方现代思想讲义,中国,刘擎,新星出版社,无,无,无,无,2021,384,0.0,79.0,得到讲义系列,9787513342919,9.2,36467,0.693,0.26,0.039,0.005,0.003,14263,724,6403,39563,102197,2667
历史深处的忧虑,中国,林达 / 李晓林,生活·读书·新知三联书店,无,近距离看美国之一,无,无,1997,320,19.0,0.0,林达作品系列,9787108010186,9.0,45901,0.58,0.35,0.062,0.005,0.003,12159,704,6169,80121,132238,1658
太白金星有点烦,中国,马伯庸,湖南文艺出版社,博集天卷,无,无,无,2023,276,45.0,0.0,博集天卷·马伯庸作品,9787572610912,9.0,85475,0.62,0.317,0.0559999999999999,0.005,0.002,37131,787,3730,91042,57536,847
神雕侠侣,中国,金庸,生活·读书·新知三联书店,无,无,神鵰俠侶,有1996年11月北平第4次印本,1994,1564,76.8,0.0,金庸作品集（三联版）,9787108006660,8.9,101292,0.591,0.331,0.071,0.005,0.002,14613,810,1619,157640,27666,424
上帝掷骰子吗,中国,曹天元,辽宁教育出版社,磨铁图书,量子物理史话,无,无,2006,369,32.0,0.0,无,9787538276374,9.2,34822,0.6659999999999999,0.275,0.051,0.006,0.002,9068,871,5238,46247,90790,382
美丽新世界,英国,奥尔德斯·赫胥黎,上海译文出版社,无,无,"BRAVE NEW WORLD, BRAVE NEW WORLD REVISITED",陈超,2017,349,0.0,45.0,译文经典（精装本）,9787532774685,9.2,57028,0.6509999999999999,0.292,0.05,0.004,0.002,900,306,0,0,0,0
一个叫欧维的男人决定去死,瑞典,弗雷德里克·巴克曼,四川文艺出版社,磨铁·大鱼读品,无,En man som heter Ove,宁蒙,2015,312,35.0,0.0,弗雷德里克·巴克曼 作品,9787541142185,9.1,68694,0.649,0.281,0.061,0.0069999999999999,0.002,21559,1597,4085,136067,136954,1147
哭泣的骆驼,中国,三毛,哈尔滨出版社,华文天下,无,无,无,2003,222,15.8,0.0,三毛全集（华文天下2003版）,9787806399071,9.0,57559,0.5920000000000001,0.342,0.063,0.002,0.001,7160,273,1388,124646,58919,162
唐诗三百首,中国,蘅塘退士 / 陈婉俊,中华书局,无,无,无,无,1984,229,0.65,0.0,无,9787101001105,9.4,27182,0.784,0.177,0.035,0.002,0.002,3285,134,2172,58606,22450,217
四世同堂,中国,老舍,北京十月文艺出版社,十月文化,无,无,无,2008,590,0.0,36.0,老舍集,9787530209226,9.4,40166,0.752,0.213,0.031,0.002,0.002,9510,974,4322,115002,82495,1008
灿烂千阳,美国,卡勒德·胡赛尼,上海人民出版社,世纪文景,无,A Thousand Splendid Suns,李继宏,2007,428,28.0,0.0,卡勒德·胡赛尼作品,9787208072107,8.9,122591,0.573,0.353,0.069,0.004,0.001,28551,2076,6824,189876,101855,1331
美的历程,中国,李泽厚,生活·读书·新知三联书店,无,无,无,无,2009,217,0.0,43.0,李泽厚集,9787108030375,9.2,32289,0.6890000000000001,0.259,0.046,0.004,0.002,9306,489,6109,44411,98711,1509
文学回忆录,中国,木心 口述 / 陈丹青 笔录,广西师范大学出版社,理想国,1989—1994,无,无,2013,1102,0.0,98.0,理想国·木心作品,9787549530816,9.1,44497,0.643,0.266,0.071,0.012,0.008,12161,621,15570,59248,112290,6497
窗边的小豆豆,日本,黑柳彻子 著 / 岩崎千弘 图,南海出版公司,新经典文化,无,窓ぎわのトットちゃん,赵玉皎,2003,288,20.0,0.0,新经典文库·巴学园,9787544222976,8.8,211779,0.5660000000000001,0.35,0.078,0.004,0.001,39673,1700,5879,315535,87724,563
最好的告别,美国,阿图·葛文德(Atul Gawande),浙江人民出版社,湛庐文化,关于衰老与死亡，你必须知道的常识,Being,王一方 主编 / 彭小华,2015,248,54.9,0.0,湛庐文化·心视界,9787213067792,9.0,51004,0.5920000000000001,0.322,0.076,0.008,0.002,20234,1500,6333,63219,160524,2274
人间词话,中国,王国维,上海古籍出版社,无,无,无,无,1998,78,9.8,0.0,蓬莱阁丛书,9787532524808,9.0,55336,0.617,0.32,0.0579999999999999,0.003,0.001,7281,447,7940,115414,82249,221
绝叫,日本,叶真中显,北京联合出版公司,联合读创,无,絕叫,林佩瑾,2020,440,58.0,0.0,叶真中显作品,9787559641182,8.9,103979,0.58,0.354,0.06,0.004,0.001,43649,1289,2867,115522,89142,933
呼兰河传,中国,萧红,百花文艺出版社,无,1947年版本・原版珍藏,无,无,2005,271,19.0,0.0,现代文学名著原版珍藏,9787530640470,9.0,84198,0.568,0.357,0.07,0.004,0.001,18739,1942,4755,140713,75714,646
罪与罚,俄罗斯,陀思妥耶夫斯基,上海译文出版社,无,无,Преступление и наказание,岳麟 / 冯岳麟,2006,471,23.0,0.0,译文名著文库,9787532740079,9.3,35577,0.7140000000000001,0.238,0.042,0.003,0.002,7841,1927,5787,75055,108500,539
冬牧场,中国,李娟,新星出版社,新经典文化,无,无,无,2012,320,29.8,0.0,新经典文库：李娟作品,9787513305662,9.0,39611,0.612,0.33,0.054,0.003,0.001,14089,722,3521,50169,69175,1359
道德经,中国,黄元吉,陕西人民出版社,无,无,无,无,1996,121,4.5,0.0,中国传统文化精品丛书,9787224034813,9.5,20505,0.812,0.152,0.032,0.002,0.002,3086,525,4466,41004,38249,138
看见,中国,柴静,广西师范大学出版社,理想国,无,无,无,2013,405,39.8,0.0,无,9787549529322,8.8,338087,0.518,0.385,0.086,0.0069999999999999,0.004,81248,3598,32504,447339,145737,17081
棋王·树王·孩子王,中国,阿城,江苏凤凰文艺出版社,无,阿城文集 之一,无,无,2016,179,0.0,58.0,阿城文集（精装）,9787539979359,9.2,28679,0.68,0.278,0.038,0.002,0.001,9134,923,1190,37007,30268,309
也许你该找个人聊聊,美国,洛莉·戈特利布,上海文化出版社,果麦文化,无,Maybe You Should Talk to Someone,张含笑,2021,460,68.0,0.0,无,9787553522838,9.0,49580,0.612,0.296,0.077,0.011,0.004,20740,1171,8595,53306,137046,3350
浪潮之巅,中国,吴军,电子工业出版社,Just-pub,无,无,无,2011,584,55.0,0.0,无,9787121139512,9.0,33699,0.604,0.32,0.067,0.006,0.003,9595,740,5991,48462,99389,1340
离开的，留下的,意大利,埃莱娜·费兰特,人民文学出版社,99读书人,那不勒斯四部曲3,Storia di chi fugge e di chi resta,陈英,2017,417,62.0,0.0,那不勒斯四部曲,9787020132003,8.9,75155,0.551,0.367,0.074,0.005,0.002,22701,596,2669,98668,62911,2256
毛泽东选集 第一卷,中国,毛泽东,人民出版社,无,无,无,无,1991,340,0.0,40.0,毛泽东选集,9787010009148,9.6,28768,0.877,0.094,0.015,0.004,0.011,7122,381,10704,50768,62056,1340
爱你就像爱生命,中国,李银河 / 王小波,上海锦绣文章出版社,磨铁图书,无,无,无,2008,222,18.0,0.0,王小波作品全集（磨铁2008版）,9787806859988,8.8,115382,0.53,0.369,0.093,0.006,0.002,29455,1562,10833,163765,124787,2222
叫魂,美国,孔飞力,生活·读书·新知三联书店 上海三联书店,无,1768年中国妖术大恐慌,,陈兼 / 刘昶,2014,368,38.0,0.0,孔飞力著作集,9787542643216,9.2,29521,0.67,0.2739999999999999,0.048,0.006,0.002,11055,1289,5560,31648,81550,1389
失明症漫记,葡萄牙,若泽·萨拉马戈,南海出版公司,新经典文化,无,Ensaio sobre a Cegueira,范维信,2014,281,29.5,0.0,新经典文库：若泽·萨拉马戈作品,9787544264112,9.1,38504,0.621,0.308,0.062,0.0069999999999999,0.003,14849,1353,3312,48825,92112,934
人生的枷锁,英国,毛姆,上海译文出版社,无,无,Of Human Bondage,张柏然 / 张增健 / 倪俊,2007,672,32.0,0.0,译文名著文库,9787532741731,9.1,31094,0.625,0.309,0.06,0.004,0.001,7971,2106,6018,46936,108567,1850
我们仨,中国,杨绛,生活·读书·新知三联书店,无,无,无,无,2003,165,18.8,0.0,无,9787108018809,8.8,310258,0.516,0.3879999999999999,0.088,0.006,0.002,68104,3595,15555,444939,164920,2609
桶川跟踪狂杀人事件,日本,清水洁,四川人民出版社,后浪 / 后浪文学,无,桶川ストーカー殺人事件,王华懋,2021,328,45.0,0.0,无,9787220118906,9.0,48427,0.591,0.326,0.074,0.0069999999999999,0.002,20875,660,1942,54466,76623,621
看不见的城市,意大利,伊塔洛·卡尔维诺,译林出版社,无,无,Le città invisibili,张密,2012,182,0.0,25.0,卡尔维诺经典,9787544722278,9.0,37392,0.619,0.286,0.081,0.01,0.004,15337,939,4617,45436,68873,2310
受戒,中国,汪曾祺,漓江出版社,无,汪曾祺自选集,无,无,1987,573,3.95,0.0,作家自选集系列,9787540701758,9.4,26972,0.728,0.235,0.033,0.002,0.001,6460,334,1665,57604,67624,137
巨人的陨落,英国,肯·福莱特,江苏凤凰文艺出版社,读客文化,世纪三部曲,Fall of Giants,于大卫,2016,1168,129.8,0.0,读客全球顶级畅销小说文库：肯·福莱特作品,9787539989891,8.9,85315,0.569,0.3429999999999999,0.076,0.008,0.003,26807,10006,12656,106948,151985,1167
海子的诗,中国,海子,人民文学出版社,无,无,无,无,1999,292,15.4,0.0,蓝星诗库,9787020026456,9.0,46531,0.585,0.337,0.071,0.004,0.002,7509,381,4225,145491,74880,306
教父,美国,马里奥·普佐,译林出版社,无,无,The Godfather,周汉林,1997,493,23.3,0.0,名著译林,9787805674278,9.0,40572,0.6409999999999999,0.291,0.063,0.004,0.001,5252,690,2135,74228,49261,146
人生的智慧,德国,叔本华,上海人民出版社,无,无,无,韦启昌,2008,0,28.0,0.0,叔本华系列,9787208081178,9.2,32824,0.679,0.248,0.061,0.0069999999999999,0.005,10000,1037,6758,45981,112088,2071
飞鸟集,印度,罗宾德拉纳德·泰戈尔,哈尔滨出版社,无,无,无,徐翰林,2004,186,16.8,0.0,先知双语经典,9787806992197,8.9,66337,0.568,0.347,0.08,0.004,0.001,7432,369,4599,125578,56337,261
少年凯歌,中国,陈凯歌,人民文学出版社,无,无,无,无,2001,189,10.0,0.0,无,9787020034109,9.3,18188,0.722,0.239,0.031,0.003,0.004,8772,237,1106,24864,45601,886
遥远的向日葵地,中国,李娟,花城出版社,无,无,无,无,2017,258,0.0,38.0,李娟作品系列（花城版）,9787536084469,9.1,33272,0.64,0.309,0.047,0.003,0.001,13884,461,2253,38862,39542,1136
鹿鼎记,中国,金庸,广州出版社 花城出版社,朗声图书,无,无,无,2008,1821,108.0,0.0,金庸作品集（新修版·平装）,9787806553404,8.9,55892,0.584,0.318,0.091,0.006,0.002,6177,456,1203,98198,19976,71
斯通纳,美国,约翰·威廉斯,上海人民出版社,世纪文景,无,Stoner,杨向荣,2016,336,0.0,49.0,约翰·威廉斯在文景,9787208130500,8.8,64664,0.5329999999999999,0.371,0.085,0.008,0.003,27205,1685,5061,94040,126173,2109
茶馆,中国,老舍,人民文学出版社,无,无,无,无,2002,142,9.8,0.0,大学生必读,9787020036509,9.2,33751,0.691,0.2689999999999999,0.038,0.002,0.001,6238,317,806,68929,31460,98
克莱因壶,日本,冈岛二人,化学工业出版社,悦读名品,无,クラインの壷,张舟,2019,299,0.0,48.0,冈岛二人作品,9787122346032,8.9,67270,0.573,0.354,0.066,0.005,0.002,28765,393,1790,90170,107568,204
一间只属于自己的房间,英国,弗吉尼亚·伍尔夫,天津人民出版社,果麦文化,无,A Room of One's Own,周颖琪,2019,149,0.0,45.0,果麦·外国文学经典,9787201151656,9.2,27055,0.67,0.272,0.052,0.005,0.002,12003,1057,2552,31227,51236,1157
陆犯焉识,中国,严歌苓,作家出版社,无,无,无,无,2011,415,35.0,0.0,无,9787506360876,8.9,57661,0.556,0.372,0.066,0.004,0.001,14455,1436,3779,82415,67613,1090
边城,中国,沈从文 / 黄永玉 卓雅 插图.,北岳文艺出版社,无,无,无,无,2002,174,12.0,0.0,沈从文作品(插图本),9787537823425,8.7,230488,0.497,0.409,0.088,0.005,0.001,39978,1787,7316,400325,107151,451
人间草木,中国,汪曾祺,江苏文艺出版社,无,无,无,无,2005,315,20.0,0.0,大家散文文存,9787539921969,9.2,32469,0.6759999999999999,0.281,0.0409999999999999,0.002,0.001,8792,560,4528,47754,70088,531
梦里花落知多少,中国,三毛,北京十月文艺出版社,青马文化,无,无,无,2007,312,0.0,28.0,三毛集,9787530208922,8.8,97936,0.516,0.3829999999999999,0.092,0.006,0.002,11905,799,3277,168691,53878,313
十万个为什么,中国,无,无,无,无,无,无,1962,14,30.0,0.0,无,13024-22,9.2,19878,0.6779999999999999,0.242,0.071,0.005,0.003,3430,122,454,47230,11007,19
额尔古纳河右岸,中国,迟子建,人民文学出版社,无,无,无,无,2019,266,32.0,0.0,茅盾文学奖获奖作品全集（2019版）,9787020139590,9.1,45116,0.667,0.264,0.0579999999999999,0.0069999999999999,0.003,18294,1692,4102,47813,55896,849
西线无战事,德国,埃里希·玛丽亚·雷马克,上海文艺出版社,果麦文化,无,Im Westen nichts Neues,姜乙,2021,256,49.0,0.0,果麦·外国文学经典,9787532178377,9.4,20186,0.755,0.213,0.0289999999999999,0.002,0.001,7934,585,1275,23198,39145,669
时间简史,英国,史蒂芬·霍金,湖南科学技术出版社,无,插图本,A Brief History of Time,许明贤 / 吴忠超,2010,245,45.0,0.0,无,9787535732309,8.9,62526,0.5760000000000001,0.34,0.076,0.005,0.003,12730,677,11291,101725,109103,604
筚路维艰,中国,萧冬连,社会科学文献出版社,无,中国社会主义路径的五次选择,无,无,2014,246,45.0,0.0,无,9787509763247,9.5,15183,0.816,0.155,0.021,0.003,0.005,2886,111,1946,16625,51052,539
金色梦乡,日本,伊坂幸太郎,译林出版社,无,无,ゴールデンスランバー,李彦桦,2010,432,0.0,35.0,乐读文库,9787544713986,9.0,30673,0.6,0.314,0.075,0.009,0.003,9788,984,1622,42085,63696,432
王尔德童话,英国,王尔德,译林出版社,无,无,The tales of Oscar Wilde,王林,2003,129,0.0,6.0,译林少儿文库,9787805676104,9.1,24083,0.636,0.297,0.061,0.004,0.001,5012,733,2168,40952,56268,124
面纱,英国,威廉·萨默塞特·毛姆,江西人民出版社,果麦文化,无,The Painted Veil,于大卫,2016,288,39.8,0.0,果麦·外国文学经典,9787210082835,9.0,39681,0.596,0.341,0.0579999999999999,0.003,0.001,14067,2999,1863,46642,28780,1015
小径分岔的花园,阿根廷,豪·路·博尔赫斯,上海译文出版社,上海译文新文本,无,El jardín de senderos que se bifurcan,王永年,2015,102,23.0,0.0,博尔赫斯全集,9787532762897,8.9,46837,0.586,0.316,0.083,0.011,0.004,19471,505,4851,64422,78793,808
这些人，那些事,中国,吴念真,译林出版社,无,无,无,无,2011,203,28.0,0.0,吴念真作品,9787544717731,8.8,67381,0.474,0.416,0.103,0.006,0.002,24081,776,7162,98444,107562,1306
13 67,中国,陳浩基,皇冠文化出版有限公司,无,陳浩基作品2,无,无,2014,496,350.0,0.0,陳浩基作品,9789573330806,9.1,21818,0.6759999999999999,0.262,0.052,0.0069999999999999,0.003,9765,237,1782,29251,65647,147
昨日的世界,奥地利,斯蒂芬·茨威格,广西师范大学出版社,理想国,一个欧洲人的回忆,Die Welt von,舒昌善 / 孙龙生 / 刘春华 / 戴奎生,2004,350,32.0,0.0,影响过一代人的书,9787563345809,9.3,14693,0.6809999999999999,0.266,0.048,0.004,0.001,3943,903,3174,23234,63358,880
流俗地,马来西亚,黎紫书,北京十月文艺出版社,十月文化,无,无,无,2021,476,0.0,55.0,新经典·黎紫书作品,9787530221280,9.2,20100,0.655,0.289,0.048,0.006,0.002,9712,471,2189,22060,74090,586
平面国,英国,埃德温·A.艾勃特,上海文化出版社,果麦文化,多维空间传奇往事,,鲁冬旭,2020,216,39.8,0.0,无,9787553520643,9.2,20921,0.696,0.249,0.047,0.006,0.003,9863,457,1307,24029,41035,377
绿毛水怪,中国,王小波,时代文艺出版社,无,无,无,无,2009,322,30.0,0.0,时代文艺出版社 王小波系列,9787538725230,9.1,25145,0.645,0.296,0.0559999999999999,0.003,0.001,5515,342,1036,40820,40008,146
2001：太空漫游,英国,阿瑟·克拉克,上海文艺出版社,读客文化,《太空漫游四部曲》第1部,,郝明义,2019,320,0.0,62.0,读客外国小说文库：阿瑟·克拉克作品,9787532170692,9.3,22115,0.6990000000000001,0.247,0.048,0.003,0.003,8461,2646,1686,48959,48406,296
南京大屠杀,美国,张纯如(Iris Chang),中信出版社,无,第二次世界大战中被遗忘的大浩劫,无,谭春霞 / 焦国林,2015,316,49.0,0.0,无,9787508653389,9.7,18375,0.883,0.104,0.01,0.001,0.001,6843,632,1370,20474,18942,290
你当像鸟飞往你的山,美国,塔拉·韦斯特弗,南海出版公司,新经典文化,无,,任爱红,2019,388,0.0,59.0,无,9787544276986,8.7,189184,0.539,0.3429999999999999,0.0969999999999999,0.015,0.005,68592,5791,21070,230953,254649,6165
我的天才女友,意大利,埃莱娜·费兰特,人民文学出版社,99读书人,那不勒斯四部曲1,L'amica geniale,陈英,2017,330,42.0,0.0,那不勒斯四部曲,9787020120130,8.7,114666,0.513,0.392,0.085,0.008,0.002,36238,1290,10319,151045,133334,2261
长日将尽,英国,石黑一雄,上海译文出版社,无,无,The Remains of the Day,冯涛,2018,337,0.0,48.0,石黑一雄作品,9787532777532,8.9,37125,0.555,0.369,0.069,0.006,0.002,15542,1005,3084,50444,80697,613
故事,美国,罗伯特·麦基,天津人民出版社,果麦文化,材质·结构·风格和银幕剧作的原理,Story,周铁东,2014,522,0.0,68.0,虚构艺术三部曲,9787201088334,9.2,19489,0.675,0.256,0.0579999999999999,0.0069999999999999,0.004,5696,312,8157,25883,86917,1207
经济学原理（上下）,美国,格里高里·曼昆,机械工业出版社,无,无,无,梁小民,2003,733,88.0,0.0,华章教材经典译丛,9787111126768,9.1,22279,0.6759999999999999,0.264,0.054,0.004,0.002,3459,546,7492,36753,73228,152
一句顶一万句,中国,刘震云,长江文艺出版社,长江新世纪,无,无,无,2009,362,0.0,29.8,刘震云作品,9787535439765,8.8,83147,0.527,0.3879999999999999,0.076,0.006,0.002,28559,2034,7141,121416,120908,998
海的女儿,丹麦,安徒生,上海译文出版社,无,无,无,叶君健,1978,150,0.43,0.0,安徒生童话全集,10188-29,9.1,24375,0.638,0.288,0.068,0.004,0.002,2693,120,357,54208,7729,14
國史大綱（上下）,中国,錢穆,商务印书馆,无,无,无,无,2013,914,76.0,0.0,钱穆学术著作,9787100017664,9.4,16367,0.736,0.216,0.039,0.006,0.004,2939,326,7453,23932,74189,741
阿勒泰的角落,中国,李娟,万卷出版公司,万榕书业,无,无,无,2010,280,25.0,0.0,无,9787547010105,9.1,21464,0.622,0.316,0.057,0.003,0.001,6449,514,2710,31214,53103,546
强风吹拂,日本,三浦紫苑,广西师范大学出版社,理想国,无,風が強く吹いている,林佩瑾 / 李建铨 / 杨正敏,2015,434,39.0,0.0,无,9787549559671,9.0,27796,0.648,0.283,0.061,0.006,0.002,11737,508,2011,36495,67465,618
鹿川有许多粪,韩国,李沧东,武汉大学出版社,鹿书deerbook,无,녹천에는 똥이 많다,春喜,2021,314,58.0,0.0,鹿书：李沧东作品,9787307223950,8.9,33580,0.539,0.382,0.072,0.005,0.002,15173,381,1938,38673,85321,826
地下室手记,俄罗斯,陀思妥耶夫斯基,浙江文艺出版社,果麦文化,无,Записки из подполья,曾思艺,2020,216,0.0,39.8,果麦·外国文学经典,9787533960414,9.3,23963,0.6970000000000001,0.249,0.045,0.005,0.003,9827,584,3643,27508,47049,743
檀香刑,中国,莫言,浙江文艺出版社,KEY·可以文化,无,无,无,2017,418,56.0,0.0,莫言作品全编,9787533946647,9.3,31277,0.711,0.244,0.039,0.003,0.003,9913,855,1987,39140,39116,292
德米安,德国,赫尔曼·黑塞,上海人民出版社,世纪文景,埃米尔·辛克莱的彷徨少年时,,丁君君 / 谢莹莹,2009,193,25.0,0.0,赫尔曼·黑塞作品系列,9787208081550,8.9,38058,0.5670000000000001,0.346,0.081,0.005,0.001,12229,925,2779,50639,74975,1667
安娜·卡列尼娜,俄罗斯,列夫·托尔斯泰,上海文艺出版社,无,无,Anna karenina,草婴,2007,788,37.0,0.0,世界十大文学名著,9787532132256,9.2,29734,0.65,0.291,0.052,0.005,0.002,7074,1519,3621,64529,63369,771
一个陌生女人的来信,奥地利,斯蒂芬·茨威格,上海译文出版社,无,无,Brief einer Unbekannten,张玉书,2007,340,20.0,0.0,斯蒂芬·茨威格作品集,9787532741571,8.7,146823,0.478,0.402,0.108,0.009,0.004,32148,2526,5123,228267,118840,520
万水千山走遍,中国,三毛,哈尔滨出版社,华文天下,无,无,无,2003,215,13.8,0.0,三毛全集（华文天下2003版）,9787806399057,8.9,46239,0.555,0.365,0.075,0.004,0.001,5470,410,1311,85656,28614,170
苏菲的世界,挪威,乔斯坦·贾德,作家出版社,无,无,Sofies verden,萧宝森,2007,528,26.0,0.0,贾德名作系列,9787506341271,8.8,58800,0.521,0.37,0.098,0.009,0.002,13107,1605,11108,84437,50150,1561
全球通史(上),美国,斯塔夫里阿诺斯,北京大学出版社,无,从史前史到21世纪,无,吴象婴 / 梁赤民 / 董书慧 / 王昶,2006,342,42.0,0.0,培文书系·人文科学系列,9787301109489,9.2,19041,0.6609999999999999,0.284,0.05,0.004,0.002,3628,343,5284,24942,27155,891
翦商,中国,李硕,广西师范大学出版社,无,殷周之变与华夏新生,无,无,2022,592,0.0,99.0,无,9787559852533,9.0,27837,0.63,0.292,0.061,0.01,0.0069999999999999,12136,684,6261,28662,101578,1486
史蒂夫·乔布斯传,美国,沃尔特·艾萨克森,中信出版社,无,无,Steve,管延圻 / 魏群 / 余倩 / 赵萌萌 / 汤崧,2011,560,68.0,0.0,无,9787508630069,8.8,61206,0.503,0.386,0.102,0.006,0.003,16125,1559,13773,110733,84851,3404
不能承受的生命之轻,法国,米兰·昆德拉,上海译文出版社,无,中文全译本百万纪念版,无,许钧,2010,394,29.0,0.0,米兰·昆德拉作品系列（2010版）,9787532751655,8.8,47252,0.515,0.376,0.098,0.009,0.003,11063,3169,5362,68866,47974,2456
温柔的夜,中国,三毛,北京十月文艺出版社,青马文化,无,无,无,2007,294,0.0,28.0,三毛集,9787530208915,9.1,23750,0.631,0.313,0.052,0.002,0.001,3060,260,791,48581,29971,95
球状闪电,中国,刘慈欣,四川科学技术出版社,科幻世界,无,无,无,2005,281,22.0,0.0,科幻世界·中国科幻基石丛书,9787536455382,8.7,88651,0.521,0.387,0.084,0.006,0.001,22867,675,2461,120728,43026,455
爱的艺术,美国,艾·弗洛姆,上海译文出版社,99读书人,无,无,李健鸣,2008,144,15.0,0.0,译文心理,9787532745159,8.8,49846,0.534,0.354,0.096,0.012,0.004,16117,1487,8258,78587,151100,2813
草房子,中国,曹文轩,江苏少年儿童出版社,无,无,无,无,2009,296,18.0,0.0,曹文轩纯美小说系列,9787534618727,9.0,53590,0.625,0.303,0.063,0.005,0.003,9462,537,878,88618,27726,68
我不知道该说什么，关于死亡还是爱情,白俄罗斯,S·A·阿列克谢耶维奇,花城出版社,磨铁·铁葫芦,来自切尔诺贝利的声音,Voices from Chernobyl,方祖芳 / 郭成业,2014,280,34.8,0.0,无,9787536071377,9.1,20242,0.653,0.291,0.051,0.004,0.002,7037,690,1914,28891,55271,528
亮剑,中国,都梁,解放军文艺出版社,无,无,无,无,2005,570,28.0,0.0,无,9787503311864,9.0,31155,0.659,0.271,0.06,0.006,0.004,7148,529,745,47793,16533,97
半生缘,中国,张爱玲,北京十月文艺出版社,青马文化,张爱玲全集04——小说,无,无,2012,345,29.6,0.0,张爱玲全集（2012-2015版）,9787530211144,9.1,31839,0.609,0.3339999999999999,0.052,0.003,0.001,10078,1771,1396,39171,25291,800
霸王别姬,中国,李碧华,人民文学出版社,无,无,无,无,1999,272,10.2,0.0,李碧华文集人民文学版,9787020028504,9.1,22524,0.647,0.298,0.05,0.003,0.001,4803,389,432,40707,24080,111
恶意,日本,东野圭吾,南海出版公司,新经典文化,无,悪意,娄美莲,2016,268,0.0,39.5,新经典文库·东野圭吾作品,9787544285148,8.7,130102,0.5539999999999999,0.363,0.077,0.004,0.001,37957,3378,2130,187263,44031,527
古文观止,中国,吴楚材 / 吴调侯,中华书局,无,无,无,无,1987,527,21.0,0.0,无,9787101000290,9.1,19175,0.669,0.268,0.059,0.003,0.001,2290,364,3944,36495,32344,224
我的阿勒泰,中国,李娟,云南人民出版社,英特颂,无,My Altay,无,2010,260,22.0,0.0,无,9787222065413,8.9,28742,0.541,0.3779999999999999,0.075,0.005,0.001,9133,588,3211,39867,43977,818
冰与火之歌,美国,乔治·R.R.马丁,重庆出版社,独角兽书系,（1-5卷：权力的游戏、列王的纷争、冰雨的风暴、群鸦的盛宴、魔龙的狂舞）,A Song of Ice and Fire,谭光磊 / 屈畅 / 胡绍晏,2013,0,0.0,330.0,独角兽书系,9787223361835,9.5,18818,0.8059999999999999,0.162,0.027,0.003,0.002,3455,96,4691,23596,43391,166
生死疲劳,中国,莫言,浙江文艺出版社,读客文化,无,无,无,2022,584,69.9,0.0,读客莫言作品,9787533966102,9.1,39940,0.6709999999999999,0.265,0.052,0.0069999999999999,0.005,13483,2941,6517,42852,78202,621
我也有一个梦想,中国,林达 / 李晓林,生活·读书·新知三联书店,无,近距离看美国之三,无,无,2004,428,25.0,0.0,林达作品系列,9787108012715,9.0,16095,0.5720000000000001,0.356,0.065,0.004,0.003,3216,194,1785,25952,35683,499
麦琪的礼物,美国,欧·亨利,上海社会科学院出版社,99读书人,欧·亨利短篇小说经典,无,张经浩,2003,354,25.0,0.0,无,9787806812297,8.7,75955,0.512,0.405,0.08,0.002,0.0,8604,336,1329,185894,68107,29
倾城之恋,中国,张爱玲,北京十月文艺出版社,青马文化,张爱玲全集01——小说,无,无,2012,326,29.8,0.0,张爱玲全集（2012-2015版）,9787530211168,8.9,40150,0.526,0.396,0.072,0.005,0.001,12125,2074,3111,95692,22204,1664
激荡三十年（上）,中国,吴晓波,中信出版社 浙江人民出版社,无,中国企业1978-2008,无,无,2007,297,35.0,0.0,中国企业史三部曲,9787508607719,8.8,32172,0.506,0.4039999999999999,0.0819999999999999,0.006,0.002,5904,504,4673,46224,46166,637
社会心理学,美国,戴维·迈尔斯,人民邮电出版社,无,（第8版）,无,张智勇 / 乐国安 / 侯玉波 等,2006,504,68.0,0.0,新曲线·心理学丛书,9787115138804,9.0,27129,0.632,0.298,0.062,0.004,0.003,4840,559,15542,49174,222493,1310
天朝的崩溃,中国,茅海建,生活·读书·新知三联书店,无,鸦片战争再研究,无,无,2005,600,32.0,0.0,无,9787108022943,9.2,15196,0.6579999999999999,0.288,0.049,0.003,0.002,3865,718,3010,24181,84134,510
海风中失落的血色馈赠,加拿大,阿利斯泰尔·麦克劳德,上海文艺出版社,99读书人,无,The Lost Salt Gift of Blood,陈以侃,2015,163,20.0,0.0,短经典,9787532156825,9.0,20826,0.599,0.311,0.079,0.009,0.002,8486,355,2631,28509,70757,648
亲密关系,美国,罗兰·米勒 (Rowland S. Miller),人民邮电出版社,无,无,Intimate Relationship,王伟平 译 / 彭凯平 校,2015,540,0.0,138.0,社会心理学精品译丛（十周年纪念版）,9787115390578,9.2,26221,0.7070000000000001,0.236,0.049,0.005,0.003,7751,765,13073,24708,123608,1908
天生有罪,南非,特雷弗·诺亚,北京联合出版公司,未读,特雷弗·诺亚的变色人生,Born a,董帅,2018,304,58.0,0.0,无,9787559614056,9.0,20675,0.612,0.327,0.055,0.004,0.002,8353,543,1391,23922,39454,572
雕刻时光,俄罗斯,安德烈·塔可夫斯基,南海出版公司,新经典文化,无,ЗАПЕЧАТЛЕННОЕ ВРЕМЯ,张晓东,2016,263,0.0,45.0,电影人,9787544278591,9.5,9269,0.768,0.1939999999999999,0.033,0.004,0.002,3579,144,2163,11545,42250,711
一桩事先张扬的凶杀案,哥伦比亚,加西亚·马尔克斯,南海出版公司,新经典文化,无,Crónica de una muerte anunciada,魏然,2013,128,0.0,25.0,新经典文库：加西亚·马尔克斯作品,9787544266123,8.7,52057,0.492,0.409,0.09,0.006,0.002,18658,466,1768,68078,73081,683
东晋门阀政治,中国,田余庆,北京大学出版社,无,无,无,无,2012,348,0.0,49.0,博雅英华,9787301204351,9.5,13173,0.8009999999999999,0.165,0.0289999999999999,0.003,0.002,4118,261,3571,14662,76120,421
情书,日本,岩井俊二,天津人民出版社,新经典文化,无,ラヴレター,穆晓芳,2004,256,18.0,0.0,新经典文库·岩井俊二作品,9787201048161,8.6,107478,0.496,0.384,0.111,0.0069999999999999,0.001,20234,1064,2178,163585,77812,254
从零开始的女性主义,日本,上野千鹤子 / 田房永子,北京联合出版公司,明室Lucida,无,上野先生、フェミニズムについてゼロから教えてください！,吕灵芝,2021,192,52.0,0.0,明室 · 上野千鹤子作品系列,9787559652317,8.7,67713,0.507,0.385,0.094,0.009,0.005,29494,865,5835,78122,105387,2196
万物有灵且美,英国,吉米·哈利,中国城市出版社,无,无,All Things Bright and Beautiful,种衍伦,2010,298,28.8,0.0,吉米·哈利“万物”系列,9787507421774,8.9,23233,0.536,0.355,0.093,0.008,0.0069999999999999,8687,550,3378,32809,142914,278
李光耀观天下,新加坡,李光耀,北京大学出版社,无,无,李光耀观天下,无,2015,299,58.0,0.0,无,9787301257517,9.2,13687,0.6659999999999999,0.284,0.044,0.003,0.002,5246,295,1352,15274,24906,227
罗生门,日本,芥川龙之介,上海译文出版社,无,无,羅生門,林少华,2008,189,12.0,0.0,译文名著文库,9787532744756,8.7,70723,0.484,0.406,0.103,0.006,0.002,11556,2202,5770,151022,83149,629
浮生六记,中国,沈复,人民文学出版社,无,无,无,无,1999,80,38.0,0.0,中国小说史料丛书,9787020028313,8.7,71033,0.473,0.4029999999999999,0.111,0.01,0.004,16641,1956,10237,123958,82950,483
荒原狼,德国,赫尔曼·黑塞,上海译文出版社,无,无,无,赵登荣 / 倪诚恩,2008,193,13.0,0.0,译文名著文库,9787532744800,9.0,23517,0.613,0.305,0.072,0.0069999999999999,0.003,6890,1677,3220,34116,63423,741
尼罗河上的惨案,英国,阿加莎·克里斯蒂,人民文学出版社,99读书人,无,Death on the Nile,宫英海,2006,345,22.0,0.0,阿加莎·克里斯蒂侦探推理系列,9787020056088,8.7,50086,0.493,0.423,0.08,0.003,0.001,7902,434,1054,130445,67436,107
父权制与资本主义,日本,上野千鹤子,浙江大学出版社,绿林社 / 能见度,无,家父长制と资本制 ― マルクス主义フェミニズムの地平,邹韵 / 薛梅,2020,281,0.0,58.0,新·全球文明史译丛,9787308197380,9.2,17976,0.6779999999999999,0.26,0.045,0.0069999999999999,0.01,6461,294,7221,19647,110195,1847
送你一颗子弹,中国,刘瑜,上海三联书店,无,无,无,无,2010,339,25.0,0.0,刘瑜作品系列,9787542631664,8.6,143787,0.4529999999999999,0.4039999999999999,0.122,0.015,0.006,39447,1404,17972,185206,154472,11739
当呼吸化为空气,美国,保罗·卡拉尼什,浙江文艺出版社,猫头鹰文化,无,When Breath Becomes Air,何雨珈,2016,256,0.0,48.0,无,9787533946562,8.9,29416,0.561,0.35,0.0819999999999999,0.006,0.001,10954,861,2070,39302,52086,829
在细雨中呼喊,中国,余华,作家出版社,无,无,无,无,2012,283,25.0,0.0,余华作品（2012版）,9787506365604,8.8,72996,0.527,0.389,0.077,0.005,0.002,21483,1271,3847,89523,46945,1080
倚天屠龙记,中国,金庸,生活·读书·新知三联书店,无,无,无,无,1999,1335,47.0,0.0,金庸作品集（三联口袋本）,9787108012692,8.7,62212,0.531,0.374,0.088,0.005,0.002,8262,941,866,119308,18165,272
雷雨,中国,曹禺,人民文学出版社,无,无,无,无,1999,188,9.2,0.0,中国现代名剧丛书,9787020018567,8.7,79448,0.491,0.413,0.091,0.005,0.001,10580,408,907,153305,29898,83
一千零一夜,中国,无,无,无,无,The Arabian,纳训,2003,560,22.0,0.0,名著名译插图本,9787020040346,8.8,59365,0.531,0.375,0.087,0.005,0.002,5836,145,956,173397,22316,15
理想国,希腊,柏拉图,商务印书馆,无,无,Πολιτεία,郭斌和 / 张竹明,1986,458,28.0,0.0,汉译世界学术名著丛书·哲学,9787100017565,8.8,37399,0.561,0.3379999999999999,0.088,0.009,0.004,8375,845,11674,79760,123966,1355
九州·缥缈录,中国,江南,新世界出版社,无,无,无,无,2005,249,20.0,0.0,九州书系,9787801876942,8.8,31850,0.551,0.335,0.099,0.009,0.005,6222,230,1480,66240,28372,51
水浒传（全二册）,中国,罗贯中 / 施耐庵,人民文学出版社,无,无,无,无,1997,1314,50.6,0.0,中国古典文学读本丛书,9787020008742,8.7,78318,0.5589999999999999,0.3339999999999999,0.094,0.009,0.004,9499,899,2914,149658,18935,493
孩子你慢慢来,中国,龙应台,生活·读书·新知三联书店,无,无,无,无,2009,138,28.0,0.0,龙应台作品精选,9787108033635,8.7,79907,0.4479999999999999,0.424,0.115,0.008,0.005,15704,914,2934,165385,54355,725
银河系漫游指南,英国,道格拉斯·亚当斯,四川科学技术出版社,科幻世界,无,The Hitchhiker's Guide to the Galaxy,徐百柯,2005,191,16.0,0.0,世界科幻大师丛书,9787536457577,8.8,22548,0.537,0.335,0.1119999999999999,0.011,0.004,5768,273,2225,34343,63415,126
孙子兵法,中国,孙武,上海古籍出版社,无,无,无,郭化若,2006,175,20.0,0.0,无,9787532544400,9.4,13678,0.7759999999999999,0.182,0.038,0.002,0.002,2276,196,2303,26917,30079,153
雨季不再来,中国,三毛,北京十月文艺出版社,青马文化,无,无,无,2007,294,0.0,28.0,三毛集,9787530208960,8.7,55469,0.512,0.391,0.092,0.005,0.001,6193,447,1757,96650,32316,288
银河帝国：基地七部曲,美国,艾萨克·阿西莫夫,江苏凤凰文艺出版社,读客文化,百万册纪念版,无,叶李华,2015,2888,328.0,0.0,读客外国小说文库：艾萨克·阿西莫夫作品,9787539983356,9.5,15963,0.778,0.182,0.033,0.004,0.002,3298,110,4019,22043,51394,87
现代艺术150年,英国,威尔·贡培兹,广西师范大学出版社,理想国,一个未完成的故事,What Are You Looking,王烁 / 王同乐,2017,532,65.0,0.0,无,9787549586646,9.1,14855,0.6409999999999999,0.31,0.045,0.003,0.001,4735,155,5786,17087,59327,1099
渴望生活,美国,欧文·斯通,北京十月文艺出版社,新经典文化,梵高传,Lust for Life,常涛,2008,525,29.8,0.0,无,9787530209127,9.1,11849,0.644,0.281,0.067,0.006,0.003,2977,642,1874,20349,34129,451
庄子,中国,孙通海 译注 / 方勇 译注,中华书局,无,无,无,方勇 译注,2007,389,0.0,20.0,中华经典藏书,9787101055207,9.4,12029,0.7879999999999999,0.1689999999999999,0.036,0.003,0.003,2052,312,3011,24041,27472,253
最好的我们,中国,八月长安,湖南文艺出版社,博集天卷,无,流水混账,无,2013,560,0.0,55.0,“振华”系列,9787540462642,8.7,72763,0.535,0.36,0.095,0.0069999999999999,0.003,17980,768,1161,153087,38328,406
骆驼祥子,中国,老舍,人民文学出版社,无,无,无,无,1962,224,12.0,0.0,无,9787020028115,8.6,209028,0.472,0.445,0.079,0.003,0.001,28274,1558,2591,437895,45249,562
你一生的故事,美国,特德·姜,译林出版社,无,特德·姜科幻小说集,Stories of Your Life and Others,李克勤 / 王荣生 / 姚向辉,2015,292,0.0,36.0,译林幻系列,9787544752473,8.8,36577,0.512,0.376,0.1,0.009,0.003,13328,837,4307,47111,94452,615
野火集,中国,龙应台,文汇出版社,无,二十年纪念版,无,无,2005,252,25.0,0.0,龙应台作品系列,9787806767245,8.7,35254,0.483,0.395,0.105,0.009,0.008,6279,629,2995,83186,42824,437
不存在的骑士,意大利,伊塔洛·卡尔维诺,译林出版社,无,无,Il Cavaliere Inesistente,吴正仪,2012,138,0.0,22.0,卡尔维诺经典,9787544722797,8.9,25066,0.544,0.381,0.071,0.003,0.001,8174,288,1097,35523,31266,670
论语,中国,无,无,无,无,无,刘胜利,2006,191,9.8,0.0,无,9787101054187,9.1,24170,0.688,0.2269999999999999,0.061,0.01,0.015,3767,477,2462,69449,21049,375
明亮的夜晚,韩国,崔恩荣,台海出版社,磨铁·大鱼读品,无,밝은 밤,叶蕾,2023,296,52.0,0.0,无,9787516835265,9.0,22075,0.63,0.299,0.063,0.006,0.002,10725,294,1298,23456,49842,377
显微镜下的大明,中国,马伯庸,湖南文艺出版社,博集天卷,无,无,无,2019,344,52.0,0.0,博集天卷·马伯庸作品,9787540488475,8.7,45219,0.487,0.435,0.072,0.005,0.002,17073,616,5540,48918,51630,655
会饮篇,希腊,柏拉图,商务印书馆,无,无,Συμπόσιον,王太庆,2013,84,12.0,0.0,汉译世界学术名著丛书·哲学,9787100094016,9.3,11757,0.7190000000000001,0.237,0.039,0.003,0.002,4589,240,963,15900,22217,289
你好，旧时光（上 下）,中国,八月长安,新世界出版社,新华先锋,无,玛丽苏病例报告,无,2009,533,39.8,0.0,无,9787510407109,8.7,49470,0.5379999999999999,0.3229999999999999,0.119,0.0139999999999999,0.006,12477,1487,3964,91090,48838,582
时间的秩序,意大利,卡洛·罗韦利,湖南科学技术出版社,企鹅兰登中国 / 博集天卷,无,The Order of Time,杨光,2019,183,0.0,56.0,卡洛·罗韦利诗意科普系列,9787571001636,8.9,22223,0.545,0.356,0.087,0.009,0.004,9691,408,4079,25499,126187,1016
帷幕,英国,阿加莎·克里斯蒂,新星出版社,无,阿加莎·克里斯蒂作品33,,李杨,2015,220,26.0,0.0,午夜文库·大师系列：阿加莎·克里斯蒂作品,9787513317153,9.1,16223,0.674,0.27,0.051,0.004,0.001,6691,176,347,19122,16524,113
枪炮、病菌与钢铁,美国,贾雷德·戴蒙德,上海译文出版社,无,人类社会的命运,"Guns, Germs and",谢延光,2006,460,45.0,0.0,世纪人文系列丛书·开放人文,9787532739233,8.7,52027,0.491,0.381,0.109,0.015,0.005,14567,1480,15991,70154,151941,1962
足利女童连续失踪事件,日本,清水洁,文汇出版社,新经典文化,无,殺人犯はそこにいる——隠蔽された北関東連続幼女誘拐殺人事件,曾玉婷,2022,315,49.0,0.0,无,9787549637317,9.0,22366,0.574,0.353,0.067,0.005,0.001,10003,248,1006,24721,40976,314
跨越边界的社区（修订版）,中国,项飙,生活·读书·新知三联书店,无,北京“浙江村”的生活史,无,无,2018,560,68.0,0.0,中国社会学经典文库,9787807681885,9.4,9694,0.763,0.209,0.024,0.003,0.001,3706,212,3183,10281,60294,563
二手时间,白俄罗斯,S. A. 阿列克谢耶维奇,中信出版社,无,无,Время секонд хэнд,吕宁思,2016,592,55.0,0.0,S. A. 阿列克谢耶维奇作品集,9787508658346,8.9,25156,0.5489999999999999,0.351,0.086,0.01,0.004,9528,463,7335,32207,108974,2082
坟,中国,鲁迅,人民文学出版社,无,无,无,无,2006,302,16.0,0.0,鲁迅作品单行本（人文社2006版）,9787020058358,9.6,12120,0.8320000000000001,0.148,0.018,0.001,0.001,1901,90,588,20498,15581,417
分成两半的子爵,意大利,伊塔洛·卡尔维诺,译林出版社,无,无,Il visconte dimezzato,吴正仪,2012,104,0.0,20.0,卡尔维诺经典,9787544722346,8.8,28462,0.504,0.423,0.069,0.003,0.001,9421,310,755,35382,22023,687
象棋的故事,奥地利,斯蒂芬·茨威格,上海译文出版社,无,无,无,张玉书,2007,387,23.0,0.0,斯蒂芬·茨威格作品集,9787532741601,9.1,13025,0.644,0.3,0.052,0.003,0.001,3046,177,614,22449,27706,75
上学记,中国,何兆武 / 文靖,生活·读书·新知三联书店,无,无,无,无,2006,287,19.8,0.0,无,9787108025104,8.9,14129,0.55,0.37,0.075,0.003,0.001,3751,588,1347,23670,33029,457
火星救援,美国,安迪·威尔,译林出版社,无,无,The Martian,陈灼,2015,428,38.0,0.0,译林幻系列,9787544757225,8.9,20278,0.5529999999999999,0.365,0.074,0.006,0.002,7200,217,1036,31260,30725,133
规训与惩罚,法国,米歇尔·福柯,生活·读书·新知三联书店,无,监狱的诞生,Surveiller et punir,刘北成 / 杨远婴,2003,377,21.8,0.0,学术前沿,9787108017949,9.3,10980,0.715,0.24,0.04,0.003,0.002,2759,290,3707,17544,73391,532
顾城的诗,中国,顾城,人民文学出版社,无,无,无,无,1998,403,20.0,0.0,蓝星诗库,9787020025862,8.8,26531,0.511,0.38,0.099,0.006,0.004,4031,153,2005,49335,28864,146
解忧杂货店,日本,东野圭吾,南海出版公司,新经典文化,无,ナミヤ雑貨店の奇蹟,李盈春,2014,291,0.0,39.5,新经典文库·东野圭吾作品,9787544270878,8.5,759651,0.483,0.3939999999999999,0.111,0.01,0.002,183240,6439,23347,940195,259629,2946
命运,中国,蔡崇达,浙江文艺出版社 / 广州出版社,果麦文化,无,无,无,2022,368,0.0,59.8,无,9787533969608,8.9,26463,0.652,0.257,0.068,0.015,0.0069999999999999,11481,611,1907,27922,42310,819
哈姆莱特,英国,莎士比亚,人民文学出版社,无,无,Hamlet,朱生豪,2001,125,7.0,0.0,大学生必读,9787020035946,8.7,50421,0.511,0.392,0.092,0.004,0.001,4999,444,880,95774,31154,160
毛姆短篇小说精选集,英国,威廉·萨默塞特·毛姆,译林出版社,无,无,无,冯亦代 / 傅惟慈 / 陆谷孙 / 冯涛,2012,477,0.0,36.0,无,9787544728669,9.1,12738,0.619,0.321,0.053,0.005,0.002,3807,146,2735,23441,44308,669
众病之王,美国,悉达多·穆克吉,中信出版社,无,癌症传,The Emperor of All,李虎,2013,525,42.0,0.0,无,9787508638119,9.0,13383,0.612,0.297,0.077,0.01,0.004,5096,389,2821,19856,65622,810
认识电影,美国,路易斯·贾内梯 / (瑞典) 英格玛·伯格曼 (日) 黑泽明 等供图,世界图书出版公司,后浪,插图第11版,无,焦雄屏,2007,484,68.0,0.0,后浪电影学院,9787506287081,8.9,18613,0.55,0.375,0.069,0.004,0.002,4057,192,7044,38309,82854,599
黑箱：日本之耻,日本,伊藤诗织,雅众文化/中信出版集团,雅众文化 / 中信·无界,无,Black Box,匡匡,2019,223,48.0,0.0,雅众·纪实,9787521702224,8.9,23107,0.512,0.406,0.074,0.005,0.002,9750,364,1074,27197,38693,505
金锁记,中国,张爱玲,哈尔滨出版社,无,无,无,无,2005,172,13.5,0.0,无,9788781074519,8.6,63128,0.467,0.432,0.0969999999999999,0.003,0.001,11342,438,1137,111713,46706,207
挽救计划,美国,安迪·威尔,译林出版社,企鹅兰登中国,无,Project Hail Mary,耿辉,2021,493,68.0,0.0,译林幻系列,9787544787352,9.1,12079,0.6659999999999999,0.275,0.051,0.006,0.001,6013,169,890,12781,34362,89
奥斯维辛,英国,劳伦斯·里斯,广西师范大学出版社,理想国,一部历史,,刘爽,2016,324,0.0,79.0,理想国译丛,9787549585489,9.5,9785,0.767,0.205,0.024,0.002,0.002,3730,192,1366,10707,36911,540
包法利夫人,法国,福楼拜,人民文学出版社,无,无,无,李健吾,2003,302,0.0,28.0,名著名译丛书,9787020104499,9.1,22657,0.603,0.3279999999999999,0.062,0.005,0.002,9018,1791,2123,36194,29585,825
总统是靠不住的,中国,林达,生活·读书·新知三联书店,无,近距离看美国之二,无,无,2004,428,21.8,0.0,林达作品系列,9787108011367,8.8,21121,0.498,0.405,0.088,0.006,0.002,4360,242,2226,31721,32620,575
